{
    "overall": {
        "em": 0.2878787878787879,
        "acc": 0.30303030303030304,
        "f1": 0.2878787878787879,
        "math_equal": 0.2878787878787879,
        "num_valid_answer": "178 of 198",
        "query_latency": "2216 ms",
        "is_correct": "60 of 198"
    },
    "per_domain": {
        "Unknown": {
            "em": 0.2878787878787879,
            "acc": 0.30303030303030304,
            "f1": 0.2878787878787879,
            "math_equal": 0.2878787878787879,
            "num_valid_answer": "178 of 198"
        }
    }
}